id,name,model_id:id,group_id:id,perm_read,perm_write,perm_create,perm_unlink
access_certificate,access_certificate,model_certificate,base.group_user,1,1,1,1
access_certificate_portal,access.certificate.portal,model_certificate,base.group_portal,1,0,0,0
access_slide_certificate_partner,access_slide_certificate_partner,model_slide_certificate_partner,base.group_user,1,1,1,1
access_slide_certificate_partner_portal,access_slide_certificate_partner_portal,model_slide_certificate_partner,base.group_portal,1,1,1,1
access_ir_actions_report,access_ir_actions_report,base.model_ir_actions_report,base.group_portal,1,1,1,1
